{
  "app.py": 1775984070.3322115,
  "create_db.py": 1774632258.1451316,
  "uploads/README-EN.txt": 1774633577.4617813,
  "uploads/mac_balanced.jpg": 1774962729.018281,
  "uploads/image2.png": 1775975999.391069,
  "uploads/Sakura Trees_spotdown.org.mp3": 1775156427.1740665,
  "static/music/With U_spotdown.org.mp3": 1775152152.825387,
  "static/music/my new love_spotdown.org.mp3": 1775152112.7894022,
  "static/music/Sakura Trees_spotdown.org.mp3": 1775152166.9267662,
  "static/music/5_32pm_spotdown.org.mp3": 1775152128.0468187,
  "static/music/Snowman_spotdown.org.mp3": 1775152160.063687
}